[
    {
        "pk": 10,
        "model": "xgds_notes2.role",
        "fields": {
            "value": "SBT",
            "display_name": "Science Backroom Team"
        }
    },
    {
        "pk": 11,
        "model": "xgds_notes2.role",
        "fields": {
            "value": "IV1",
            "display_name": "IV1"
        }
    },
    {
        "pk": 12,
        "model": "xgds_notes2.role",
        "fields": {
            "value": "IV2",
            "display_name": "IV2"
        }
    },
    {
        "pk": 13,
        "model": "xgds_notes2.role",
        "fields": {
            "value": "MCC",
            "display_name": "MCC Staff"
        }
    },
    {
        "pk": 14,
        "model": "xgds_notes2.role",
        "fields": {
            "value": "SBT_LEAD",
            "display_name": "Science Backroom Lead"
        }
    },
    {
        "pk": 15,
        "model": "xgds_notes2.role",
        "fields": {
            "value": "SCICOM",
            "display_name": "SCICOM"
        }
    },
    {
        "pk": 16,
        "model": "xgds_notes2.role",
        "fields": {
            "value": "CAPCOM",
            "display_name": "CAPCOM"
        }
    },
    {
        "pk": 17,
        "model": "xgds_notes2.role",
        "fields": {
            "value": "STENO",
            "display_name": "Steno"
        }
    },
    {
        "pk": 10,
        "model": "xgds_notes2.location",
        "fields": {
            "value": "MCC",
            "display_name": "MCC"
        }
    },
    {
        "pk": 11,
        "model": "xgds_notes2.location",
        "fields": {
            "value": "FIELD",
            "display_name": "Field"
        }
    },
    {
        "pk": 1,
        "model": "xgds_planner2.vehicle",
        "fields": {
            "name": "EV1",
            "type": "EV"
        }
    },
    {
        "pk": 2,
        "model": "xgds_planner2.vehicle",
        "fields": {
            "name": "EV2",
            "type": "EV"
        }
    },
    {
        "pk": 3,
        "model": "xgds_planner2.vehicle",
        "fields": {
            "name": "SA",
            "type": "SA"
        }
    },
    {
        "pk": 1,
        "model": "basaltApp.BasaltResource",
        "fields": {
            "name": "EV1",
            "resourceId": 1,
            "vehicle": 1,
            "primary": true,
            "port": 10001
        }
    },
    {
        "pk": 2,
        "model": "basaltApp.BasaltResource",
        "fields": {
            "name": "EV2",
            "resourceId": 2,
            "vehicle": 2,
            "primary": true,
            "port": 10001
        }
    },
    {
        "pk": 3,
        "model": "basaltApp.BasaltResource",
        "fields": {
            "name": "SA",
            "resourceId": 3,
            "vehicle": 3,
            "primary": false,
            "port": 10001
        }
    },
    {
        "pk": 1,
        "model": "xgds_sample.Region",
        "fields": {
            "name": "Kings Bowl",
            "shortName": "KB",
            "zone": 2
        }
    },
    {
        "pk": 2,
        "model": "xgds_sample.Region",
        "fields": {
            "name": "Mauna Ulu",
            "shortName": "MU",
            "zone":2
        }
    },
    {
        "pk": 3,
        "model": "xgds_sample.Region",
        "fields": {
            "name": "Highway Flow",
            "shortName": "HF",
            "zone": 1
        }
    },
        {
        "pk": 4,
        "model": "xgds_sample.Region",
        "fields": {
            "name": "Big Craters Flow",
            "shortName": "BC",
            "zone": 5
        }
    },
    {
        "pk": 5,
        "model": "xgds_sample.Region",
        "fields": {
            "name": "North Craters Flow",
            "shortName": "NC",
            "zone": 4
        }
    },
    {
        "pk": 6,
        "model": "xgds_sample.Region",
        "fields": {
            "name": "Kilauea Iki",
            "shortName": "KI",
            "zone": 2
        }
    },
    {
        "pk": 1,
        "model": "xgds_sample.SampleType",
        "fields": {
            "value": "B",
            "display_name": "Biology"
        }
    },
    {
        "pk": 2,
        "model": "xgds_sample.SampleType",
        "fields": {
            "value": "G",
            "display_name": "Geology"
        }
    },
    {
        "pk": 3,
        "model": "xgds_sample.SampleType",
        "fields": {
            "value": "M",
            "display_name": "ORG"
        }
    },
    {
        "pk": 4,
        "model": "xgds_sample.SampleType",
        "fields": {
            "value": "A",
            "display_name": "Archive"
        }
    },
    {
        "pk": 5,
        "model": "xgds_sample.SampleType",
        "fields": {
            "value": "S",
            "display_name": "Special"
        }
    },
    {	
        "pk": 1,
        "model": "basaltApp.Replicate",
        "fields": {
            "value": "A",
            "display_name": "A"
        }
    },
    {
        "pk": 2,
        "model": "basaltApp.Replicate",
        "fields": {
            "value": "B",
            "display_name": "B"
        }
    },
    {
        "pk": 3,
        "model": "basaltApp.Replicate",
        "fields": {
            "value": "C",
            "display_name": "C"
        }
    },
    {
        "pk": 4,
        "model": "basaltApp.Replicate",
        "fields": {
            "value": "D",
            "display_name": "D"
        }
    },
    {
        "pk": 5,
        "model": "basaltApp.Replicate",
        "fields": {
            "value": "E",
            "display_name": "E"
        }
    },
    {
        "pk": 6,
        "model": "basaltApp.Replicate",
        "fields": {
            "value": "F",
            "display_name": "F"
        }
    },
    {
        "pk": 7,
        "model": "basaltApp.Replicate",
        "fields": {
            "value": "G",
            "display_name": "G"
        }
    },
    {
        "pk": 8,
        "model": "basaltApp.Replicate",
        "fields": {
            "value": "H",
            "display_name": "H"
        }
    },
    {
        "pk": 9,
        "model": "basaltApp.Replicate",
        "fields": {
            "value": "I",
            "display_name": "I"
        }
    },
    {
        "pk": 10,
        "model": "basaltApp.Replicate",
        "fields": {
            "value": "J",
            "display_name": "J"
        }
    },
    {	
        "pk": 1,
        "model": "basaltApp.DataType",
        "fields": {
            "name": "RawGPSLocation",
            "notes": "GPS data directly from the GPS device with no post-processing."
        }
    },
    {
    	"pk": 11,
    	"model": "xgds_core.Constant",
    	"fields": {
    		"name":"EV1_TRACKING_IP",
    		"units":"n/a",
    		"notes":"IP of serial to ethernet box for EV1 GPS",
    		"dataType":"string",
    		"value":"10.10.24.33"
    	}
    },
    {
    	"pk": 21,
    	"model": "xgds_core.Constant",
    	"fields": {
    		"name":"EV2_TRACKING_IP",
    		"units":"n/a",
    		"notes":"IP of serial to ethernet box for EV2 GPS",
    		"dataType":"string",
    		"value":"10.10.24.43"
    	}
    },
    {
    	"pk": 31,
    	"model": "xgds_core.Constant",
    	"fields": {
    		"name":"SA_TRACKING_IP",
    		"units":"n/a",
    		"notes":"IP of serial to ethernet box for SA GPS FAKE IP",
    		"dataType":"string",
    		"value":"10.10.24.81"
    	}
    },
    {
    	"pk": 32,
    	"model": "xgds_core.Constant",
    	"fields": {
    		"name":"RED_CAMERA_IP",
    		"units":"n/a",
    		"notes":"IP of wifi card for the red camera",
    		"dataType":"string",
    		"value":"10.10.24.75"
    	}
    },
    {
    	"pk": 33,
    	"model": "xgds_core.Constant",
    	"fields": {
    		"name":"FTIR_IP",
    		"units":"n/a",
    		"notes":"IP of wifi card for the FTIR's PDA",
    		"dataType":"string",
    		"value":"10.10.24.76"
    	}
    },
    {
    	"pk": 34,
    	"model": "xgds_core.Constant",
    	"fields": {
    		"name":"EV1_CAMERA_IP",
    		"units":"n/a",
    		"notes":"IP of EV1 Video Camera",
    		"dataType":"string",
    		"value":"10.10.24.32"
    	}
    },
    {
    	"pk": 35,
    	"model": "xgds_core.Constant",
    	"fields": {
    		"name":"EV2_CAMERA_IP",
    		"units":"n/a",
    		"notes":"IP of EV2 Video Camera",
    		"dataType":"string",
    		"value":"10.10.24.42"
    	}
    },
    {
    	"pk": 36,
    	"model": "xgds_core.Constant",
    	"fields": {
    		"name":"SA_CAMERA_IP",
    		"units":"n/a",
    		"notes":"IP of SA Camera",
    		"dataType":"string",
    		"value":"10.10.24.80"
    	}
    },
    {
    	"pk": 37,
    	"model": "xgds_core.Constant",
    	"fields": {
    		"name":"PHYSIO_TABLET_1_IP",
    		"units":"n/a",
    		"notes":"IP of Physio Tablet",
    		"dataType":"string",
    		"value":"10.10.24.101"
    	}
    },
    {
    	"pk": 38,
    	"model": "xgds_core.Constant",
    	"fields": {
    		"name":"PHYSIO_TABLET_2_IP",
    		"units":"n/a",
    		"notes":"IP of Physio Tablet",
    		"dataType":"string",
    		"value":"10.10.24.102"
    	}
    },
    {
    	"pk": 1,
    	"model": "xgds_core.TimeZoneHistory",
    	"fields": {
    		"startTime":"2015-04-01T00:00:00+00:00",
    		"endTime":"2015-10-26T00:00:00+00:00",
    		"timeZone":"Pacific/Honolulu",
    		"notes": "Setup plus initial recon trip to HI"
    	}
    },
    {
    	"pk": 2,
    	"model": "xgds_core.TimeZoneHistory",
    	"fields": {
    		"startTime":"2015-10-26T00:00:00+00:00",
    		"endTime":"2016-06-17T00:00:00+00:00",
    		"timeZone":"America/Los_Angeles",
    		"notes": "Development work and ORTs at Ames"
    	}
    },
    {
    	"pk": 3,
    	"model": "xgds_core.TimeZoneHistory",
    	"fields": {
    		"startTime":"2015-06-17T00:00:00+00:00",
    		"endTime":"2016-07-04T00:00:00+00:00",
    		"timeZone":"America/Boise",
    		"notes": "First xGDS supported field deployment to Idaho"
    	}
    },
    {
        "pk": "maplink_activeflights_1",
        "model": "xgds_map_server.MapLink",
        "fields": {
                "creator": "root",
                "name": " EVAs (Active)",
                "description": "Will contain all active flight data",
                "childNodesUrl": "/xgds_planner2/activeFlightsTreeNodes",
                "parent": "mg1"
        }
    },
    {
        "pk": "maplink_completedflights_1",
        "model": "xgds_map_server.MapLink",
        "fields": {
                "creator": "root",
                "name": " EVAs (Completed)",
                "description": "Will contain all flight data.  Do not select this node; expand and select its children.",
                "childNodesUrl": "/xgds_planner2/completedFlightsTreeNodes",
                "parent": "mg1"
        }
    },
    {
        "pk": "maplink_plans",
        "model": "xgds_map_server.MapLink",
        "fields": {
                "creator": "root",
                "name": " EVA Planned Traverses",
                "description": "All saved plans",
                "childNodesUrl": "/xgds_planner2/plansTreeNodes",
                "parent": "mg1"
        }
    },
    {
        "pk": 10,
        "model": "geocamTrack.linestyle",
        "fields": {
            "color": "ff00ff00",
            "width": 2,
            "extras": "{}",
            "name": "ev1_linestyle",
            "uuid": "EV1"
        }
    },
    {
        "pk": 11,
        "model": "geocamTrack.linestyle",
        "fields": {
            "color": "ffffff00",
            "width": 2,
            "extras": "{}",
            "name": "ev2_linestyle",
            "uuid": "EV2"
        }
    },
    {
        "pk": 12,
        "model": "geocamTrack.linestyle",
        "fields": {
            "color": "ff888888",
            "width": 1,
            "extras": "{}",
            "name": "sa_linestyle",
            "uuid": "SA"
        }
    },
    {
        "pk": 10,
        "model": "geocamTrack.iconstyle",
        "fields": {
            "scale": 0.3,
            "name": "ev1_pointer",
            "url": "/static/basaltApp/icons/ev1_pointer.png",
            "height": 64,
            "width": 42,
            "extras": "{}",
            "color": "",
            "uuid": "EV1"
        }
    },
    {
        "pk": 11,
        "model": "geocamTrack.iconstyle",
        "fields": {
            "scale": 0.3,
            "name": "ev2_pointer",
            "url": "/static/basaltApp/icons/ev2_pointer.png",
            "height": 64,
            "width": 42,
            "extras": "{}",
            "color": "",
            "uuid": "EV2"
        }
    },
    {
        "pk": 12,
        "model": "geocamTrack.iconstyle",
        "fields": {
            "scale": 1.0,
            "name": "sa_dot",
            "url": "/static/geocamTrack/icons/shaded_dot.png",
            "height": 64,
            "width": 64,
            "extras": "{}",
            "color": "",
            "uuid": "SA"
        }
    },
    {
        "pk": 1,
        "model": "xgds_instrument.ScienceInstrument",
        "fields": {
            "shortName": "ftir",
            "displayName": "FTIR",
	    "active": true,
	    "dataImportFunctionName": "ftirDataImporter",
            "brand": "Agilent",
	    "model": "FTIR",
	    "serialNum": "00000",
	    "xLabel": "Wavenumber",
	    "yLabel": "Absorbance",
	    "xUnits": "1/cm",
	    "yUnits": "Unk",
	    "reverseX": true,
	    "reverseY": false
        }
    },
    {
        "pk": 2,
        "model": "xgds_instrument.ScienceInstrument",
        "fields": {
            "shortName": "asd",
            "displayName": "ASD",
	    "active": true,
	    "dataImportFunctionName": "asdDataImporter",
            "brand": "ASD",
	    "model": "FieldSpec 3",
	    "serialNum": "00000",
	    "xLabel": "Wavelength",
	    "yLabel": "Reflectance",
	    "xUnits": "1/cm",
	    "yUnits": "Unk",
	    "reverseX": false,
	    "reverseY": false
        }
    },
    {
        "pk": 3,
        "model": "xgds_instrument.ScienceInstrument",
        "fields": {
            "shortName": "pxrf",
            "displayName": "pXRF",
	    "active": true,
	    "dataImportFunctionName": "pxrfDataImporter",
            "brand": "Bruker",
	    "model": "Portable pXRF",
	    "serialNum": "00000",
	    "xLabel": "Energy",
	    "yLabel": "Counts",
	    "xUnits": "Ev",
	    "yUnits": "Unk",
	    "reverseX": false,
	    "reverseY": false
        }
    },
    {
        "pk": 1,
        "model": "geocamUtil.SiteFrame",
        "fields": {
            "name": "COTM Highway",
            "displayName": "COTM Highway",
           	"east0": 291997,
           	"north0": 4815396,
           	"zone": "12T",
           	"zoneNumber": 12,
           	"south": 0,
           	"axes": "ENU",
           	"north": "grid",
           	"timezone": "America/Boise",
           	"projCode": "EPSG:32612",
           	"projString": "+proj=utm +zone=12 +ellps=WGS84 +datum=WGS84 +units=m +no_defs"
        }
    },
    {
        "pk": 4,
        "model": "geocamUtil.SiteFrame",
        "fields": {
            "name": "COTM North Crater",
            "displayName": "COTM North Crater",
           	"east0": 294228,
           	"north0": 4815300,
           	"zone": "12T",
           	"zoneNumber": 12,
           	"south": 0,
           	"axes": "ENU",
           	"north": "grid",
           	"timezone": "America/Boise",
           	"projCode": "EPSG:32612",
           	"projString": "+proj=utm +zone=12 +ellps=WGS84 +datum=WGS84 +units=m +no_defs"
        }
    },
    {
        "pk": 5,
        "model": "geocamUtil.SiteFrame",
        "fields": {
            "name": "COTM Big Craters",
            "displayName": "COTM Big Craters",
           	"east0": 292519.88,
           	"north0": 4813103.46,
           	"zone": "12T",
           	"zoneNumber": 12,
           	"south": 0,
           	"axes": "ENU",
           	"north": "grid",
           	"timezone": "America/Boise",
           	"projCode": "EPSG:32612",
           	"projString": "+proj=utm +zone=12 +ellps=WGS84 +datum=WGS84 +units=m +no_defs"
        }
    },
    {
        "pk": 2,
        "model": "geocamUtil.SiteFrame",
        "fields": {
            "name": "Hawaii Lava Flows",
            "displayName": "Hawaii",
	          "east0": 259694.25,
	          "north0": 2148871.83,
	          "zone": "5Q",
	          "zoneNumber": 5,
	          "south": 0,
	          "axes": "ENU",
	          "north": "grid",
	          "timezone": "US/Hawaii",
	          "projCode": "EPSG:32605",
           	  "projString": "+proj=utm +zone=5 +ellps=WGS84 +datum=WGS84 +units=m +no_defs"
        }
    },
    {
        "pk": 3,
        "model": "geocamUtil.SiteFrame",
        "fields": {
            "name": "Ames",
            "displayName": "Ames",
	           "east0": 582753.18,
	           "north0": 4141805.69,
	           "zone": "10S",
	           "zoneNumber": 10,
	           "south": 0,
	           "axes": "NED",
	           "north": "grid",
	           "timezone": "America/Los_Angeles",
	           "projCode": "EPSG:32605",
           	   "projString": "+proj=utm +zone=10 +ellps=WGS84 +datum=WGS84 +units=m +no_defs"
        }
    },
    {
        "pk": 1,
        "model": "xgds_video.VideoSource",
        "fields": {
            "name": "EV1",
            "shortName": "EV1",
	        "uuid": 1,
	        "displayColor": "#00cc00"
        }
    },
    {
        "pk": 2,
        "model": "xgds_video.VideoSource",
        "fields": {
            "name": "EV2",
            "shortName": "EV2",
	        "uuid": 2,
	        "displayColor": "#00cccc"
        }
    },
    {
        "pk": 3,
        "model": "xgds_video.VideoSource",
        "fields": {
            "name": "SA",
            "shortName": "SA",
	        "uuid": 3,
	        "displayColor": "#888888"
        }
    },
    {
        "pk": 1,
        "model": "xgds_video.VideoSettings",
        "fields": {
            "width": 1280,
            "height": 720,
            "uuid": 1
        }
    },
    {
        "pk": 1,
        "model": "xgds_video.VideoFeed",
        "fields": {
            "name": "EV1",
            "shortName": "EV1",
            "url": "rtsp://10.10.24.71:8554/proxyStream-1",
            "realtimeUrl": "rtsp://10.10.24.32/quickview",
            "active": 0,
            "settings_id": 1,
            "source_id": 1,
	        "uuid": 1
        }
    },
    {
        "pk": 2,
        "model": "xgds_video.VideoFeed",
        "fields": {
            "name": "EV2",
            "shortName": "EV2",
            "url": "rtsp://10.10.24.71:8554/proxyStream-2",
            "realtimeUrl": "rtsp://10.10.24.42/quickview",
            "active": 0,
            "settings_id": 1,
            "source_id": 2,
	        "uuid": 2
        }
    },
    {
        "pk": 3,
        "model": "xgds_video.VideoFeed",
        "fields": {
            "name": "SA",
            "shortName": "SA",
            "url": "rtsp://10.10.24.71:8554/proxyStream-3",
            "realtimeUrl": "rtsp://10.10.24.71:8554/proxyStream-3",
            "active": 0,
            "settings_id": 1,
            "source_id": 3,
	        "uuid": 3
        }
    },
    {
        "pk": 10000,
        "model": "auth.User",
        "fields": {
            "username": "redcamera",
            "first_name": "Red",
            "last_name": "Camera"
        }
    },
    {
        "pk": 10001,
        "model": "auth.User",
        "fields": {
            "username": "redcamera2",
            "first_name": "Red",
            "last_name": "Camera2"
        }
    },
    {
        "pk": 10002,
        "model": "auth.User",
        "fields": {
            "username": "ftir",
            "first_name": "FTIR",
            "last_name": " "
        }
    },
    {
		"pk": 1, 
		"model": "xgds_status_board.SubsystemGroup", 
		"fields": {
			"name": "EV1",
			"displayName": "EV1",
			"warningThreshold": 10,
			"failureThreshold": 20
		}
	},
	{
		"pk": 2, 
		"model": "xgds_status_board.SubsystemGroup", 
		"fields": {
			"name": "EV2",
			"displayName": "EV2",
			"warningThreshold": 10,
			"failureThreshold": 20
		}
	},
	{
		"pk": 3, 
		"model": "xgds_status_board.SubsystemGroup", 
		"fields": {
			"name": "baseCamp",
			"displayName": "Base Camp Services",
			"warningThreshold": 10,
			"failureThreshold": 20
		}
	},
	{
		"pk": 4, 
		"model": "xgds_status_board.SubsystemGroup", 
		"fields": {
			"name": "field",
			"displayName": "Field Services",
			"warningThreshold": 10,
			"failureThreshold": 20
		}
	},
	{
		"pk": 1, 
		"model": "xgds_status_board.Subsystem", 
		"fields": {
			"name": "gpsController1",
			"displayName": "GPS Controller",
			"group": 1,
			"logFileUrl": "",
			"warningThreshold": 10,
			"failureThreshold": 20,
			"constantName": "EV1_TRACKING_IP"
		}
	},
	{
		"pk": 2, 
		"model": "xgds_status_board.Subsystem", 
		"fields": {
			"name": "gpsController2",
			"displayName": "GPS Controller",
			"group": 2,
			"logFileUrl": "",
			"warningThreshold": 10,
			"failureThreshold": 20,
			"constantName": "EV2_TRACKING_IP"
		}
	}, 
	{
		"pk": 3, 
		"model": "xgds_status_board.Subsystem", 
		"fields": {
			"name": "gpsDataQuality1",
			"displayName": "GPS Data Quality",
			"group": 1,
			"logFileUrl": "",
			"warningThreshold": 10,
			"failureThreshold": 20
		}
	}, 
	{
		"pk": 4, 
		"model": "xgds_status_board.Subsystem", 
		"fields": {
			"name": "gpsDataQuality2",
			"displayName": "GPS Data Quality",
			"group": 2,
			"logFileUrl": "",
			"warningThreshold": 10,
			"failureThreshold": 20
		}
	},
	{
		"pk": 5, 
		"model": "xgds_status_board.Subsystem", 
		"fields": {
			"name": "telemetryListener1",
			"displayName": "Telemetry Listener",
			"group": 1,
			"logFileUrl": "",
			"warningThreshold": 10,
			"failureThreshold": 20
		}
	}, 
	{
		"pk": 6, 
		"model": "xgds_status_board.Subsystem", 
		"fields": {
			"name": "telemetryListener2",
			"displayName": "Telemetry Listener",
			"group": 2,
			"logFileUrl": "",
			"warningThreshold": 10,
			"failureThreshold": 20
		}
	},
	{
		"pk": 7, 
		"model": "xgds_status_board.Subsystem", 
		"fields": {
			"name": "basecampVideoRecorder",
			"displayName": "VideoRecorder",
			"group": 3,
			"logFileUrl": "",
			"warningThreshold": 10,
			"failureThreshold": 20
		}
	}, 
	{
		"pk": 8, 
		"model": "xgds_status_board.Subsystem", 
		"fields": {
			"name": "fieldVideoRecorder",
			"displayName": "VideoRecorder",
			"group": 4,
			"logFileUrl": "",
			"warningThreshold": 10,
			"failureThreshold": 20
		}
	},
	{
		"pk": 9, 
		"model": "xgds_status_board.Subsystem", 
		"fields": {
			"name": "FTIR",
			"displayName": "FTIR",
			"group": 1,
			"logFileUrl": "",
			"warningThreshold": 10,
			"failureThreshold": 20,
			"constantName": "FTIR_IP"
		}
	},	
	{
		"pk": 10, 
		"model": "xgds_status_board.Subsystem", 
		"fields": {
			"name": "ASD",
			"displayName": "ASD Spectrometer",
			"group": 2,
			"logFileUrl": "",
			"warningThreshold": 10,
			"failureThreshold": 20
		}
	}, 
	{
		"pk": 11, 
		"model": "xgds_status_board.Subsystem", 
		"fields": {
			"name": "redCamera",
			"displayName": "Red Camera",
			"group": 2,
			"logFileUrl": "",
			"warningThreshold": 10,
			"failureThreshold": 20,
			"constantName": "RED_CAMERA_IP"
		}
	},
	{
		"pk": 12, 
		"model": "xgds_status_board.Subsystem", 
		"fields": {
			"name": "saCamera",
			"displayName": "SA Camera",
			"group": 4,
			"logFileUrl": "",
			"warningThreshold": 10,
			"failureThreshold": 20,
			"constantName": "SA_CAMERA_IP"
		}
	},
	{
		"pk": 13, 
		"model": "xgds_status_board.Subsystem", 
		"fields": {
			"name": "video1",
			"displayName": "Video 1",
			"group": 1,
			"logFileUrl": "",
			"warningThreshold": 10,
			"failureThreshold": 20,
			"constantName": "EV1_CAMERA_IP"
		}
	}, 
	{
		"pk": 14, 
		"model": "xgds_status_board.Subsystem", 
		"fields": {
			"name": "video2",
			"displayName": "Video 2",
			"group": 2,
			"logFileUrl": "",
			"warningThreshold": 10,
			"failureThreshold": 20,
			"constantName": "EV2_CAMERA_IP"
		}
	}, 	
	{
		"pk": 15, 
		"model": "xgds_status_board.Subsystem", 
		"fields": {
			"name": "telemetryCleanup",
			"displayName": "Telemetry Cleanup",
			"group": 1,
			"logFileUrl": "",
			"warningThreshold": 10,
			"failureThreshold": 20
		}
	}, 
	{
		"pk": 17, 
		"model": "xgds_status_board.Subsystem", 
		"fields": {
			"name": "fieldDataReplication",
			"displayName": "Data Replication",
			"group": 4,
			"logFileUrl": "",
			"warningThreshold": 120,
			"failureThreshold": 180
		}
	}, 
	{
		"pk": 18, 
		"model": "xgds_status_board.Subsystem", 
		"fields": {
			"name": "basecampDataReplication",
			"displayName": "Data Replication",
			"group": 3,
			"logFileUrl": "",
			"warningThreshold": 120,
			"failureThreshold": 180
		}
	},
	{
		"pk": 19, 
		"model": "xgds_status_board.Subsystem", 
		"fields": {
			"name": "fieldLoadAverage",
			"displayName": "Load Average",
			"group": 4,
			"logFileUrl": "",
			"warningThreshold": 120,
			"failureThreshold": 180
		}
	},
	{
		"pk": 20, 
		"model": "xgds_status_board.Subsystem", 
		"fields": {
			"name": "basecampLoadAverage",
			"displayName": "Load Average",
			"group": 3,
			"logFileUrl": "",
			"warningThreshold": 120,
			"failureThreshold": 180
		}
	},
	{
		"pk": 21, 
		"model": "xgds_status_board.Subsystem", 
		"fields": {
			"name": "physioTablet1",
			"displayName": "Physio Tablet",
			"group": 1,
			"logFileUrl": "",
			"warningThreshold": 10,
			"failureThreshold": 20,
			"constantName": "PHYSIO_TABLET_1_IP"
		}
	},
	{
		"pk": 22, 
		"model": "xgds_status_board.Subsystem", 
		"fields": {
			"name": "physioTablet2",
			"displayName": "Physio Tablet",
			"group": 2,
			"logFileUrl": "",
			"warningThreshold": 10,
			"failureThreshold": 20,
			"constantName": "PHYSIO_TABLET_2_IP"
		}
	}
]
